Cluster,Before Middle,After Middle,Location Frequency,Triaged Green,Triaged Gold,See White,See Red,Move N,Move E,Move S,Move W
0,0.00035716570084800306,0.00035716570084800306,-0.2590003712565734,-0.02776135202998254,-0.038253386303493,-0.1812093043268967,0.00035716570084800306,0.11730888008808639,0.06116451725821453,0.1052170526245572,0.14762432372830883
1,0.0003552701651278777,0.0003552701651278777,-0.43978041133466494,-0.05460548597830636,-0.029633703575554934,-0.237186231269458,0.0003552701651278777,0.0016716654752566285,0.02282167429036124,0.028139645201953858,0.05327149149382493
2,9.872720909139953e-05,9.872720909139953e-05,0.08603741457429646,-0.0019980485450967634,-0.02949417391646224,-0.13258990253508424,9.872720909139953e-05,0.4486838189833256,-0.028884433807913844,0.19911340236922664,0.07290262364132008
