Cluster,Before Middle,After Middle,Location Frequency,Triaged Green,Triaged Gold,See White,See Red,Move N,Move E,Move S,Move W
0,0.00027545664868166235,0.00027545664868166235,-0.3082135715639324,0.0196296240270583,0.05208838850235779,0.016035448326808737,0.00027545664868166235,-0.14423674954631127,-0.0847011072869873,-0.021490865908503094,-0.1654168694796777
1,0.0032229100346574733,-0.0026615890516776017,-0.29103433741699813,0.015191181297838401,0.04410532947252218,-0.25227830262455286,-0.007671634594032245,-0.03042274509825124,0.027441377149134263,-0.09498862737502625,0.046027921805279606
